date,state,posture,source,day_date,day,time,hour,state_string,posture_string
2023-03-01 09:03:31+00:00,2,-1,cr,2023-03-01,1,09:03:31,9,Standing,Unavailable
2023-02-28 19:20:30+00:00,2,-1,cr,2023-02-28,28,19:20:30,19,Standing,Unavailable
2023-02-28 17:25:32+00:00,1,1,cr,2023-02-28,28,17:25:32,17,Sitting,Slouched
2023-02-28 16:10:03+00:00,1,0,cr,2023-02-28,28,16:10:03,16,Sitting,Straight
2023-02-28 15:50:40+00:00,1,1,cr,2023-02-28,28,15:50:40,15,Sitting,Slouched
2023-02-28 15:19:35+00:00,2,-1,cr,2023-02-28,28,15:19:35,15,Standing,Unavailable
2023-02-28 14:43:08+00:00,1,1,cr,2023-02-28,28,14:43:08,14,Sitting,Slouched
2023-02-28 13:51:38+00:00,2,-1,cr,2023-02-28,28,13:51:38,13,Standing,Unavailable
2023-02-28 13:39:31+00:00,1,0,cr,2023-02-28,28,13:39:31,13,Sitting,Straight
2023-02-28 11:37:28+00:00,1,1,cr,2023-02-28,28,11:37:28,11,Sitting,Slouched
2023-02-28 11:27:57+00:00,2,-1,cr,2023-02-28,28,11:27:57,11,Standing,Unavailable
2023-02-28 10:54:02+00:00,3,-1,cr,2023-02-28,28,10:54:02,10,Active,Unavailable
2023-02-28 10:04:41+00:00,1,0,cr,2023-02-28,28,10:04:41,10,Sitting,Straight
2023-02-28 09:17:28+00:00,3,-1,cr,2023-02-28,28,09:17:28,9,Active,Unavailable
2023-02-28 08:38:33+00:00,2,-1,cr,2023-02-28,28,08:38:33,8,Standing,Unavailable
2023-02-27 12:02:11+00:00,1,1,cr,2023-02-27,27,12:02:11,12,Sitting,Slouched
2023-02-27 11:01:29+00:00,2,-1,cr,2023-02-27,27,11:01:29,11,Standing,Unavailable
2023-02-26 10:50:33+00:00,2,-1,cr,2023-02-26,26,10:50:33,10,Standing,Unavailable
2023-02-25 17:34:26+00:00,1,1,cr,2023-02-25,25,17:34:26,17,Sitting,Slouched
2023-02-24 19:44:01+00:00,1,1,cr,2023-02-24,24,19:44:01,19,Sitting,Slouched
2023-02-24 19:30:35+00:00,1,1,cr,2023-02-24,24,19:30:35,19,Sitting,Slouched
2023-02-24 19:12:34+00:00,1,0,cr,2023-02-24,24,19:12:34,19,Sitting,Straight
2023-02-24 18:42:22+00:00,1,1,cr,2023-02-24,24,18:42:22,18,Sitting,Slouched
2023-02-24 18:30:47+00:00,1,0,cr,2023-02-24,24,18:30:47,18,Sitting,Straight
2023-02-23 16:29:32+00:00,1,1,cr,2023-02-23,23,16:29:32,16,Sitting,Slouched
2023-02-23 16:14:58+00:00,1,1,cr,2023-02-23,23,16:14:58,16,Sitting,Slouched
2023-02-23 15:16:11+00:00,1,0,cr,2023-02-23,23,15:16:11,15,Sitting,Straight
2023-02-23 13:54:53+00:00,2,-1,cr,2023-02-23,23,13:54:53,13,Standing,Unavailable
2023-02-23 13:24:45+00:00,1,1,cr,2023-02-23,23,13:24:45,13,Sitting,Slouched
2023-02-23 13:17:44+00:00,1,1,cr,2023-02-23,23,13:17:44,13,Sitting,Slouched
2023-02-23 13:07:28+00:00,1,1,cr,2023-02-23,23,13:07:28,13,Sitting,Slouched
2023-02-23 12:30:24+00:00,1,0,cr,2023-02-23,23,12:30:24,12,Sitting,Straight
2023-02-23 11:51:38+00:00,1,1,cr,2023-02-23,23,11:51:38,11,Sitting,Slouched
2023-02-23 11:03:39+00:00,1,1,cr,2023-02-23,23,11:03:39,11,Sitting,Slouched
2023-02-23 10:18:36+00:00,1,1,cr,2023-02-23,23,10:18:36,10,Sitting,Slouched
2023-02-23 09:31:58+00:00,1,1,cr,2023-02-23,23,09:31:58,9,Sitting,Slouched
2023-02-23 09:27:59+00:00,2,-1,cr,2023-02-23,23,09:27:59,9,Standing,Unavailable
2023-02-22 16:40:25+00:00,1,1,cr,2023-02-22,22,16:40:25,16,Sitting,Slouched
2023-02-22 15:48:53+00:00,2,-1,cr,2023-02-22,22,15:48:53,15,Standing,Unavailable
2023-02-22 14:53:15+00:00,2,-1,cr,2023-02-22,22,14:53:15,14,Standing,Unavailable
2023-02-22 14:03:46+00:00,2,-1,cr,2023-02-22,22,14:03:46,14,Standing,Unavailable
2023-02-22 12:50:58+00:00,1,1,cr,2023-02-22,22,12:50:58,12,Sitting,Slouched
2023-02-22 12:14:33+00:00,2,-1,cr,2023-02-22,22,12:14:33,12,Standing,Unavailable
2023-02-22 11:21:50+00:00,1,1,cr,2023-02-22,22,11:21:50,11,Sitting,Slouched
2023-02-22 10:54:49+00:00,1,1,cr,2023-02-22,22,10:54:49,10,Sitting,Slouched
2023-02-22 09:44:27+00:00,1,1,cr,2023-02-22,22,09:44:27,9,Sitting,Slouched
2023-02-22 08:57:57+00:00,1,1,cr,2023-02-22,22,08:57:57,8,Sitting,Slouched
2023-02-20 12:49:02+00:00,1,0,cr,2023-02-20,20,12:49:02,12,Sitting,Straight
2023-02-20 12:31:49+00:00,1,0,cr,2023-02-20,20,12:31:49,12,Sitting,Straight
2023-02-20 12:11:23+00:00,1,0,cr,2023-02-20,20,12:11:23,12,Sitting,Straight
2023-02-20 11:10:21+00:00,1,1,cr,2023-02-20,20,11:10:21,11,Sitting,Slouched
2023-02-20 10:22:56+00:00,1,1,cr,2023-02-20,20,10:22:56,10,Sitting,Slouched
2023-02-19 19:21:38+00:00,1,0,cr,2023-02-19,19,19:21:38,19,Sitting,Straight
2023-02-19 17:09:02+00:00,0,-1,cr,2023-02-19,19,17:09:02,17,Lying,Unavailable
2023-02-19 16:12:15+00:00,1,1,cr,2023-02-19,19,16:12:15,16,Sitting,Slouched
2023-02-19 15:20:41+00:00,1,1,cr,2023-02-19,19,15:20:41,15,Sitting,Slouched
2023-02-19 13:18:21+00:00,2,-1,cr,2023-02-19,19,13:18:21,13,Standing,Unavailable
2023-02-19 12:22:11+00:00,1,1,cr,2023-02-19,19,12:22:11,12,Sitting,Slouched
2023-02-19 11:29:31+00:00,1,1,cr,2023-02-19,19,11:29:31,11,Sitting,Slouched
2023-02-19 11:10:46+00:00,1,0,cr,2023-02-19,19,11:10:46,11,Sitting,Straight
2023-02-19 10:42:37+00:00,1,0,cr,2023-02-19,19,10:42:37,10,Sitting,Straight
2023-02-19 10:06:13+00:00,1,0,cr,2023-02-19,19,10:06:13,10,Sitting,Straight
2023-02-18 20:58:36+00:00,1,1,cr,2023-02-18,18,20:58:36,20,Sitting,Slouched
2023-02-18 14:01:25+00:00,1,1,cr,2023-02-18,18,14:01:25,14,Sitting,Slouched
2023-02-18 13:00:47+00:00,1,1,cr,2023-02-18,18,13:00:47,13,Sitting,Slouched
2023-02-18 11:54:18+00:00,1,1,cr,2023-02-18,18,11:54:18,11,Sitting,Slouched
2023-02-18 11:04:11+00:00,1,1,cr,2023-02-18,18,11:04:11,11,Sitting,Slouched
2023-02-18 10:21:36+00:00,1,0,cr,2023-02-18,18,10:21:36,10,Sitting,Straight
2023-02-18 09:37:33+00:00,2,-1,cr,2023-02-18,18,09:37:33,9,Standing,Unavailable
2023-02-18 09:30:36+00:00,2,-1,cr,2023-02-18,18,09:30:36,9,Standing,Unavailable
2023-02-17 15:26:59+00:00,1,1,cr,2023-02-17,17,15:26:59,15,Sitting,Slouched
2023-02-17 15:04:40+00:00,1,1,cr,2023-02-17,17,15:04:40,15,Sitting,Slouched
2023-02-17 14:37:16+00:00,1,1,cr,2023-02-17,17,14:37:16,14,Sitting,Slouched
2023-02-17 13:32:51+00:00,1,1,cr,2023-02-17,17,13:32:51,13,Sitting,Slouched
2023-02-17 13:23:44+00:00,1,0,cr,2023-02-17,17,13:23:44,13,Sitting,Straight
2023-02-17 13:03:38+00:00,1,0,cr,2023-02-17,17,13:03:38,13,Sitting,Straight
2023-02-17 12:26:42+00:00,1,0,cr,2023-02-17,17,12:26:42,12,Sitting,Straight
2023-02-17 11:57:58+00:00,1,1,cr,2023-02-17,17,11:57:58,11,Sitting,Slouched
2023-02-17 11:34:06+00:00,1,1,cr,2023-02-17,17,11:34:06,11,Sitting,Slouched
2023-02-17 10:50:26+00:00,1,1,cr,2023-02-17,17,10:50:26,10,Sitting,Slouched
2023-02-17 09:50:05+00:00,2,-1,cr,2023-02-17,17,09:50:05,9,Standing,Unavailable
2023-02-17 09:37:03+00:00,1,0,cr,2023-02-17,17,09:37:03,9,Sitting,Straight
2023-02-17 09:23:03+00:00,2,-1,cr,2023-02-17,17,09:23:03,9,Standing,Unavailable
2023-02-16 21:26:41+00:00,2,-1,cr,2023-02-16,16,21:26:41,21,Standing,Unavailable
2023-02-16 12:00:13+00:00,1,1,cr,2023-02-16,16,12:00:13,12,Sitting,Slouched
2023-02-16 08:57:57+00:00,2,-1,cr,2023-02-16,16,08:57:57,8,Standing,Unavailable
2023-02-15 16:01:45+00:00,1,1,cr,2023-02-15,15,16:01:45,16,Sitting,Slouched
2023-02-15 13:35:41+00:00,1,1,cr,2023-02-15,15,13:35:41,13,Sitting,Slouched
2023-02-15 11:16:42+00:00,2,-1,cr,2023-02-15,15,11:16:42,11,Standing,Unavailable
2023-02-15 10:33:21+00:00,1,1,cr,2023-02-15,15,10:33:21,10,Sitting,Slouched
2023-02-15 09:05:53+00:00,1,0,cr,2023-02-15,15,09:05:53,9,Sitting,Straight
2023-02-15 07:43:13+00:00,1,1,cr,2023-02-15,15,07:43:13,7,Sitting,Slouched
2023-02-15 07:02:45+00:00,1,0,cr,2023-02-15,15,07:02:45,7,Sitting,Straight
2023-02-15 07:00:15+00:00,2,-1,cr,2023-02-15,15,07:00:15,7,Standing,Unavailable
2023-02-14 19:18:18+00:00,1,0,cr,2023-02-14,14,19:18:18,19,Sitting,Straight
2023-02-14 19:00:00+00:00,2,-1,cr,2023-02-14,14,19:00:00,19,Standing,Unavailable
2023-02-14 18:39:43+00:00,1,1,cr,2023-02-14,14,18:39:43,18,Sitting,Slouched
2023-02-14 18:22:46+00:00,1,1,cr,2023-02-14,14,18:22:46,18,Sitting,Slouched
2023-02-14 17:04:41+00:00,2,-1,cr,2023-02-14,14,17:04:41,17,Standing,Unavailable
2023-02-12 19:27:52+00:00,1,1,cr,2023-02-12,12,19:27:52,19,Sitting,Slouched
2023-02-12 19:13:24+00:00,1,1,cr,2023-02-12,12,19:13:24,19,Sitting,Slouched
2023-02-12 14:35:25+00:00,3,-1,cr,2023-02-12,12,14:35:25,14,Active,Unavailable
2023-02-12 14:13:20+00:00,3,-1,cr,2023-02-12,12,14:13:20,14,Active,Unavailable
2023-02-12 13:52:05+00:00,2,-1,cr,2023-02-12,12,13:52:05,13,Standing,Unavailable
2023-02-12 13:31:32+00:00,1,1,cr,2023-02-12,12,13:31:32,13,Sitting,Slouched
2023-02-12 12:00:51+00:00,1,0,cr,2023-02-12,12,12:00:51,12,Sitting,Straight
2023-02-12 10:37:08+00:00,2,-1,cr,2023-02-12,12,10:37:08,10,Standing,Unavailable
2023-02-12 10:07:41+00:00,3,-1,cr,2023-02-12,12,10:07:41,10,Active,Unavailable
2023-02-11 19:32:43+00:00,1,1,cr,2023-02-11,11,19:32:43,19,Sitting,Slouched
2023-02-11 17:59:27+00:00,1,1,cr,2023-02-11,11,17:59:27,17,Sitting,Slouched
2023-02-11 17:48:52+00:00,1,0,cr,2023-02-11,11,17:48:52,17,Sitting,Straight
2023-02-11 17:47:10+00:00,1,0,cr,2023-02-11,11,17:47:10,17,Sitting,Straight
2023-02-11 17:26:30+00:00,1,0,cr,2023-02-11,11,17:26:30,17,Sitting,Straight
2023-02-11 17:20:52+00:00,1,1,cr,2023-02-11,11,17:20:52,17,Sitting,Slouched
2023-02-11 15:33:18+00:00,1,0,cr,2023-02-11,11,15:33:18,15,Sitting,Straight
2023-02-11 15:17:14+00:00,1,1,cr,2023-02-11,11,15:17:14,15,Sitting,Slouched
2023-02-11 13:53:39+00:00,0,-1,cr,2023-02-11,11,13:53:39,13,Lying,Unavailable
2023-02-11 12:01:10+00:00,2,-1,cr,2023-02-11,11,12:01:10,12,Standing,Unavailable
2023-02-11 11:35:51+00:00,1,1,cr,2023-02-11,11,11:35:51,11,Sitting,Slouched
2023-02-11 10:20:47+00:00,1,1,cr,2023-02-11,11,10:20:47,10,Sitting,Slouched
2023-02-11 09:57:48+00:00,2,-1,cr,2023-02-11,11,09:57:48,9,Standing,Unavailable
2023-02-11 09:00:27+00:00,2,-1,cr,2023-02-11,11,09:00:27,9,Standing,Unavailable
2023-02-11 08:45:07+00:00,1,1,cr,2023-02-11,11,08:45:07,8,Sitting,Slouched
2023-02-11 08:42:33+00:00,1,1,cr,2023-02-11,11,08:42:33,8,Sitting,Slouched
2023-02-11 08:33:41+00:00,1,1,cr,2023-02-11,11,08:33:41,8,Sitting,Slouched
2023-02-11 08:33:33+00:00,0,-1,cr,2023-02-11,11,08:33:33,8,Lying,Unavailable
2023-02-10 19:32:40+00:00,1,0,cr,2023-02-10,10,19:32:40,19,Sitting,Straight
2023-02-10 19:14:06+00:00,1,0,cr,2023-02-10,10,19:14:06,19,Sitting,Straight
2023-02-10 18:20:05+00:00,1,0,cr,2023-02-10,10,18:20:05,18,Sitting,Straight
2023-02-10 17:50:37+00:00,1,1,cr,2023-02-10,10,17:50:37,17,Sitting,Slouched
2023-02-10 14:45:52+00:00,1,1,cr,2023-02-10,10,14:45:52,14,Sitting,Slouched
2023-02-10 14:25:51+00:00,1,1,cr,2023-02-10,10,14:25:51,14,Sitting,Slouched
2023-02-10 14:19:31+00:00,3,-1,cr,2023-02-10,10,14:19:31,14,Active,Unavailable
2023-02-10 13:52:51+00:00,3,-1,cr,2023-02-10,10,13:52:51,13,Active,Unavailable
2023-02-10 13:50:53+00:00,3,-1,cr,2023-02-10,10,13:50:53,13,Active,Unavailable
2023-02-10 13:27:22+00:00,1,1,cr,2023-02-10,10,13:27:22,13,Sitting,Slouched
2023-02-10 13:02:02+00:00,1,0,cr,2023-02-10,10,13:02:02,13,Sitting,Straight
2023-02-10 12:40:44+00:00,1,1,cr,2023-02-10,10,12:40:44,12,Sitting,Slouched
2023-02-10 12:40:23+00:00,0,-1,cr,2023-02-10,10,12:40:23,12,Lying,Unavailable
2023-02-23 12:36:20+00:00,1,1,lass,2023-02-23,23,12:36:20,12,Sitting,Slouched
2023-02-22 14:50:50+00:00,1,1,lass,2023-02-22,22,14:50:50,14,Sitting,Slouched
2023-02-22 08:48:23+00:00,3,-1,lass,2023-02-22,22,08:48:23,8,Active,Unavailable
2023-02-21 18:49:43+00:00,1,1,lass,2023-02-21,21,18:49:43,18,Sitting,Slouched
2023-02-20 22:16:57+00:00,1,1,lass,2023-02-20,20,22:16:57,22,Sitting,Slouched
2023-02-20 18:55:05+00:00,1,1,lass,2023-02-20,20,18:55:05,18,Sitting,Slouched
2023-02-20 17:22:50+00:00,1,1,lass,2023-02-20,20,17:22:50,17,Sitting,Slouched
2023-02-20 16:16:41+00:00,3,-1,lass,2023-02-20,20,16:16:41,16,Active,Unavailable
2023-02-20 15:16:29+00:00,1,1,lass,2023-02-20,20,15:16:29,15,Sitting,Slouched
2023-02-20 14:54:58+00:00,1,1,lass,2023-02-20,20,14:54:58,14,Sitting,Slouched
2023-02-20 12:42:27+00:00,1,1,lass,2023-02-20,20,12:42:27,12,Sitting,Slouched
2023-02-20 12:00:02+00:00,1,1,lass,2023-02-20,20,12:00:02,12,Sitting,Slouched
2023-02-20 11:37:52+00:00,1,1,lass,2023-02-20,20,11:37:52,11,Sitting,Slouched
2023-02-20 10:45:03+00:00,1,1,lass,2023-02-20,20,10:45:03,10,Sitting,Slouched
2023-02-19 16:44:33+00:00,2,-1,lass,2023-02-19,19,16:44:33,16,Standing,Unavailable
2023-02-19 09:46:44+00:00,2,-1,lass,2023-02-19,19,09:46:44,9,Standing,Unavailable
2023-02-19 09:35:52+00:00,2,-1,lass,2023-02-19,19,09:35:52,9,Standing,Unavailable
2023-02-17 23:40:33+00:00,1,0,lass,2023-02-17,17,23:40:33,23,Sitting,Straight
2023-02-17 21:26:05+00:00,2,-1,lass,2023-02-17,17,21:26:05,21,Standing,Unavailable
2023-02-17 18:26:35+00:00,1,1,lass,2023-02-17,17,18:26:35,18,Sitting,Slouched
2023-02-17 17:13:10+00:00,3,-1,lass,2023-02-17,17,17:13:10,17,Active,Unavailable
2023-02-17 16:21:19+00:00,1,1,lass,2023-02-17,17,16:21:19,16,Sitting,Slouched
2023-02-17 15:51:44+00:00,1,1,lass,2023-02-17,17,15:51:44,15,Sitting,Slouched
2023-02-17 13:49:54+00:00,2,-1,lass,2023-02-17,17,13:49:54,13,Standing,Unavailable
2023-02-17 12:04:06+00:00,3,-1,lass,2023-02-17,17,12:04:06,12,Active,Unavailable
2023-02-16 23:51:29+00:00,1,0,lass,2023-02-16,16,23:51:29,23,Sitting,Straight
2023-02-16 22:01:01+00:00,1,0,lass,2023-02-16,16,22:01:01,22,Sitting,Straight
2023-02-16 21:53:00+00:00,2,-1,lass,2023-02-16,16,21:53:00,21,Standing,Unavailable
2023-02-16 12:34:46+00:00,1,0,lass,2023-02-16,16,12:34:46,12,Sitting,Straight
2023-02-15 20:14:44+00:00,1,1,lass,2023-02-15,15,20:14:44,20,Sitting,Slouched
2023-02-15 19:09:44+00:00,1,1,lass,2023-02-15,15,19:09:44,19,Sitting,Slouched
2023-02-15 16:51:44+00:00,2,-1,lass,2023-02-15,15,16:51:44,16,Standing,Unavailable
2023-02-15 15:50:54+00:00,3,-1,lass,2023-02-15,15,15:50:54,15,Active,Unavailable
2023-02-15 14:16:22+00:00,1,1,lass,2023-02-15,15,14:16:22,14,Sitting,Slouched
2023-02-15 13:46:52+00:00,1,1,lass,2023-02-15,15,13:46:52,13,Sitting,Slouched
2023-02-15 12:21:53+00:00,1,1,lass,2023-02-15,15,12:21:53,12,Sitting,Slouched
2023-02-15 12:06:54+00:00,1,1,lass,2023-02-15,15,12:06:54,12,Sitting,Slouched
2023-02-15 10:53:01+00:00,2,-1,lass,2023-02-15,15,10:53:01,10,Standing,Unavailable
2023-02-15 10:00:55+00:00,1,1,lass,2023-02-15,15,10:00:55,10,Sitting,Slouched
2023-02-15 08:12:11+00:00,2,-1,lass,2023-02-15,15,08:12:11,8,Standing,Unavailable
2023-02-14 23:12:52+00:00,1,1,lass,2023-02-14,14,23:12:52,23,Sitting,Slouched
2023-02-14 20:32:21+00:00,2,-1,lass,2023-02-14,14,20:32:21,20,Standing,Unavailable
2023-02-14 19:18:26+00:00,1,1,lass,2023-02-14,14,19:18:26,19,Sitting,Slouched
2023-02-14 17:11:07+00:00,1,1,lass,2023-02-14,14,17:11:07,17,Sitting,Slouched
2023-02-14 16:50:56+00:00,1,1,lass,2023-02-14,14,16:50:56,16,Sitting,Slouched
2023-02-14 16:34:58+00:00,1,1,lass,2023-02-14,14,16:34:58,16,Sitting,Slouched
2023-02-14 15:42:57+00:00,2,-1,lass,2023-02-14,14,15:42:57,15,Standing,Unavailable
2023-02-14 14:54:51+00:00,3,-1,lass,2023-02-14,14,14:54:51,14,Active,Unavailable
2023-02-14 12:06:25+00:00,1,1,lass,2023-02-14,14,12:06:25,12,Sitting,Slouched
2023-02-14 10:44:05+00:00,1,1,lass,2023-02-14,14,10:44:05,10,Sitting,Slouched
2023-02-14 10:12:18+00:00,1,1,lass,2023-02-14,14,10:12:18,10,Sitting,Slouched
2023-02-13 22:32:10+00:00,1,1,lass,2023-02-13,13,22:32:10,22,Sitting,Slouched
2023-02-13 19:51:29+00:00,3,-1,lass,2023-02-13,13,19:51:29,19,Active,Unavailable
2023-02-13 19:03:10+00:00,1,1,lass,2023-02-13,13,19:03:10,19,Sitting,Slouched
2023-02-13 18:37:21+00:00,1,1,lass,2023-02-13,13,18:37:21,18,Sitting,Slouched
2023-02-13 16:41:10+00:00,1,1,lass,2023-02-13,13,16:41:10,16,Sitting,Slouched
2023-02-13 16:06:56+00:00,1,1,lass,2023-02-13,13,16:06:56,16,Sitting,Slouched
2023-02-13 14:28:16+00:00,2,-1,lass,2023-02-13,13,14:28:16,14,Standing,Unavailable
2023-02-13 13:41:22+00:00,2,-1,lass,2023-02-13,13,13:41:22,13,Standing,Unavailable
2023-02-13 13:01:28+00:00,3,-1,lass,2023-02-13,13,13:01:28,13,Active,Unavailable
2023-02-13 11:58:24+00:00,1,1,lass,2023-02-13,13,11:58:24,11,Sitting,Slouched
2023-02-13 11:40:54+00:00,1,1,lass,2023-02-13,13,11:40:54,11,Sitting,Slouched
2023-02-13 11:08:00+00:00,1,1,lass,2023-02-13,13,11:08:00,11,Sitting,Slouched
2023-02-13 09:41:16+00:00,1,1,lass,2023-02-13,13,09:41:16,9,Sitting,Slouched
2023-02-12 23:48:12+00:00,2,-1,lass,2023-02-12,12,23:48:12,23,Standing,Unavailable
2023-02-12 22:01:55+00:00,2,-1,lass,2023-02-12,12,22:01:55,22,Standing,Unavailable
2023-02-12 21:44:14+00:00,1,1,lass,2023-02-12,12,21:44:14,21,Sitting,Slouched
2023-02-12 21:40:21+00:00,1,1,lass,2023-02-12,12,21:40:21,21,Sitting,Slouched
2023-02-12 18:57:30+00:00,1,1,lass,2023-02-12,12,18:57:30,18,Sitting,Slouched
2023-02-12 18:47:45+00:00,1,1,lass,2023-02-12,12,18:47:45,18,Sitting,Slouched
2023-02-12 18:06:24+00:00,1,1,lass,2023-02-12,12,18:06:24,18,Sitting,Slouched
2023-02-12 18:00:40+00:00,1,1,lass,2023-02-12,12,18:00:40,18,Sitting,Slouched
2023-02-12 17:51:16+00:00,1,1,lass,2023-02-12,12,17:51:16,17,Sitting,Slouched
2023-02-12 17:30:35+00:00,1,1,lass,2023-02-12,12,17:30:35,17,Sitting,Slouched
2023-02-12 17:21:05+00:00,1,1,lass,2023-02-12,12,17:21:05,17,Sitting,Slouched
2023-02-12 17:00:01+00:00,1,1,lass,2023-02-12,12,17:00:01,17,Sitting,Slouched
2023-02-12 15:25:34+00:00,3,-1,lass,2023-02-12,12,15:25:34,15,Active,Unavailable
2023-02-12 11:58:00+00:00,2,-1,lass,2023-02-12,12,11:58:00,11,Standing,Unavailable
2023-02-12 11:41:00+00:00,2,-1,lass,2023-02-12,12,11:41:00,11,Standing,Unavailable
2023-02-12 11:16:35+00:00,2,-1,lass,2023-02-12,12,11:16:35,11,Standing,Unavailable
2023-02-12 10:49:44+00:00,1,1,lass,2023-02-12,12,10:49:44,10,Sitting,Slouched
2023-02-12 10:22:08+00:00,0,-1,lass,2023-02-12,12,10:22:08,10,Lying,Unavailable
2023-02-12 09:59:54+00:00,2,-1,lass,2023-02-12,12,09:59:54,9,Standing,Unavailable
2023-02-12 09:00:32+00:00,1,1,lass,2023-02-12,12,09:00:32,9,Sitting,Slouched
2023-02-12 08:37:30+00:00,1,0,lass,2023-02-12,12,08:37:30,8,Sitting,Straight
2023-02-12 08:32:10+00:00,2,-1,lass,2023-02-12,12,08:32:10,8,Standing,Unavailable
2023-02-11 18:16:28+00:00,2,-1,lass,2023-02-11,11,18:16:28,18,Standing,Unavailable
2023-02-11 14:51:03+00:00,2,-1,lass,2023-02-11,11,14:51:03,14,Standing,Unavailable
2023-02-11 14:28:54+00:00,3,-1,lass,2023-02-11,11,14:28:54,14,Active,Unavailable
2023-02-11 13:29:58+00:00,2,-1,lass,2023-02-11,11,13:29:58,13,Standing,Unavailable
2023-02-11 12:55:57+00:00,1,1,lass,2023-02-11,11,12:55:57,12,Sitting,Slouched
2023-02-11 12:51:05+00:00,1,1,lass,2023-02-11,11,12:51:05,12,Sitting,Slouched
2023-02-11 12:19:54+00:00,1,1,lass,2023-02-11,11,12:19:54,12,Sitting,Slouched
2023-02-11 12:04:55+00:00,1,1,lass,2023-02-11,11,12:04:55,12,Sitting,Slouched
2023-02-11 11:43:41+00:00,1,1,lass,2023-02-11,11,11:43:41,11,Sitting,Slouched
2023-02-11 11:13:56+00:00,1,1,lass,2023-02-11,11,11:13:56,11,Sitting,Slouched
2023-02-11 11:00:00+00:00,1,1,lass,2023-02-11,11,11:00:00,11,Sitting,Slouched
2023-02-11 10:14:49+00:00,1,1,lass,2023-02-11,11,10:14:49,10,Sitting,Slouched
2023-02-11 08:54:04+00:00,1,1,lass,2023-02-11,11,08:54:04,8,Sitting,Slouched
2023-02-11 08:16:18+00:00,2,-1,lass,2023-02-11,11,08:16:18,8,Standing,Unavailable
2023-02-10 22:02:47+00:00,0,-1,lass,2023-02-10,10,22:02:47,22,Lying,Unavailable
2023-02-10 21:08:05+00:00,1,1,lass,2023-02-10,10,21:08:05,21,Sitting,Slouched
2023-02-10 21:01:31+00:00,1,1,lass,2023-02-10,10,21:01:31,21,Sitting,Slouched
2023-02-10 20:47:02+00:00,1,1,lass,2023-02-10,10,20:47:02,20,Sitting,Slouched
2023-02-10 20:30:45+00:00,2,-1,lass,2023-02-10,10,20:30:45,20,Standing,Unavailable
2023-02-10 19:49:45+00:00,1,1,lass,2023-02-10,10,19:49:45,19,Sitting,Slouched
2023-02-10 19:42:41+00:00,1,1,lass,2023-02-10,10,19:42:41,19,Sitting,Slouched
2023-02-10 19:00:13+00:00,1,1,lass,2023-02-10,10,19:00:13,19,Sitting,Slouched
2023-02-10 18:53:20+00:00,1,1,lass,2023-02-10,10,18:53:20,18,Sitting,Slouched
2023-02-10 18:47:56+00:00,1,1,lass,2023-02-10,10,18:47:56,18,Sitting,Slouched
2023-02-10 18:44:14+00:00,1,1,lass,2023-02-10,10,18:44:14,18,Sitting,Slouched
2023-02-10 18:27:11+00:00,1,1,lass,2023-02-10,10,18:27:11,18,Sitting,Slouched
2023-02-10 18:22:53+00:00,1,1,lass,2023-02-10,10,18:22:53,18,Sitting,Slouched
2023-02-10 18:16:43+00:00,1,1,lass,2023-02-10,10,18:16:43,18,Sitting,Slouched
2023-02-10 18:00:50+00:00,2,-1,lass,2023-02-10,10,18:00:50,18,Standing,Unavailable
2023-02-10 17:20:13+00:00,2,-1,lass,2023-02-10,10,17:20:13,17,Standing,Unavailable
2023-03-13 14:27:19+00:00,1,1,as,2023-03-13,13,14:27:19,14,Sitting,Slouched
2023-03-13 13:59:02+00:00,3,-1,as,2023-03-13,13,13:59:02,13,Active,Unavailable
2023-03-13 13:36:42+00:00,1,1,as,2023-03-13,13,13:36:42,13,Sitting,Slouched
2023-03-13 12:37:09+00:00,1,1,as,2023-03-13,13,12:37:09,12,Sitting,Slouched
2023-03-13 12:20:15+00:00,1,1,as,2023-03-13,13,12:20:15,12,Sitting,Slouched
2023-03-13 11:38:06+00:00,3,-1,as,2023-03-13,13,11:38:06,11,Active,Unavailable
2023-03-13 08:51:32+00:00,2,-1,as,2023-03-13,13,08:51:32,8,Standing,Unavailable
2023-03-06 21:40:12+00:00,1,1,as,2023-03-06,6,21:40:12,21,Sitting,Slouched
2023-03-06 20:37:32+00:00,1,1,as,2023-03-06,6,20:37:32,20,Sitting,Slouched
2023-03-04 13:52:37+00:00,1,1,as,2023-03-04,4,13:52:37,13,Sitting,Slouched
2023-03-04 13:35:33+00:00,1,1,as,2023-03-04,4,13:35:33,13,Sitting,Slouched
2023-03-04 13:26:50+00:00,1,1,as,2023-03-04,4,13:26:50,13,Sitting,Slouched
2023-03-04 12:54:29+00:00,1,1,as,2023-03-04,4,12:54:29,12,Sitting,Slouched
2023-03-04 12:42:45+00:00,1,1,as,2023-03-04,4,12:42:45,12,Sitting,Slouched
2023-03-04 12:31:36+00:00,1,0,as,2023-03-04,4,12:31:36,12,Sitting,Straight
2023-03-04 11:46:16+00:00,2,-1,as,2023-03-04,4,11:46:16,11,Standing,Unavailable
2023-02-25 17:34:23+00:00,1,1,as,2023-02-25,25,17:34:23,17,Sitting,Slouched
2023-02-25 12:38:40+00:00,1,0,as,2023-02-25,25,12:38:40,12,Sitting,Straight
2023-02-25 12:18:01+00:00,2,-1,as,2023-02-25,25,12:18:01,12,Standing,Unavailable
2023-02-20 21:22:50+00:00,2,-1,as,2023-02-20,20,21:22:50,21,Standing,Unavailable
2023-02-20 21:15:07+00:00,2,-1,as,2023-02-20,20,21:15:07,21,Standing,Unavailable
2023-02-20 20:54:19+00:00,1,1,as,2023-02-20,20,20:54:19,20,Sitting,Slouched
2023-02-20 19:56:56+00:00,2,-1,as,2023-02-20,20,19:56:56,19,Standing,Unavailable
2023-02-20 14:20:55+00:00,1,1,as,2023-02-20,20,14:20:55,14,Sitting,Slouched
2023-02-20 14:08:15+00:00,1,1,as,2023-02-20,20,14:08:15,14,Sitting,Slouched
2023-02-20 12:29:18+00:00,1,1,as,2023-02-20,20,12:29:18,12,Sitting,Slouched
2023-02-20 11:20:33+00:00,1,1,as,2023-02-20,20,11:20:33,11,Sitting,Slouched
2023-02-20 11:07:26+00:00,3,-1,as,2023-02-20,20,11:07:26,11,Active,Unavailable
2023-02-17 23:22:45+00:00,2,-1,as,2023-02-17,17,23:22:45,23,Standing,Unavailable
2023-02-17 23:15:39+00:00,1,1,as,2023-02-17,17,23:15:39,23,Sitting,Slouched
2023-02-17 22:50:57+00:00,1,1,as,2023-02-17,17,22:50:57,22,Sitting,Slouched
2023-02-17 22:07:15+00:00,0,-1,as,2023-02-17,17,22:07:15,22,Lying,Unavailable
2023-02-17 21:25:40+00:00,1,1,as,2023-02-17,17,21:25:40,21,Sitting,Slouched
2023-02-17 20:58:33+00:00,1,1,as,2023-02-17,17,20:58:33,20,Sitting,Slouched
2023-02-17 20:43:26+00:00,1,0,as,2023-02-17,17,20:43:26,20,Sitting,Straight
2023-02-17 20:31:54+00:00,1,1,as,2023-02-17,17,20:31:54,20,Sitting,Slouched
2023-02-17 20:21:34+00:00,1,1,as,2023-02-17,17,20:21:34,20,Sitting,Slouched
2023-02-17 20:13:13+00:00,1,1,as,2023-02-17,17,20:13:13,20,Sitting,Slouched
2023-02-17 15:44:05+00:00,2,-1,as,2023-02-17,17,15:44:05,15,Standing,Unavailable
2023-02-17 15:24:34+00:00,1,1,as,2023-02-17,17,15:24:34,15,Sitting,Slouched
2023-02-17 14:16:46+00:00,1,1,as,2023-02-17,17,14:16:46,14,Sitting,Slouched
2023-02-17 13:54:29+00:00,1,1,as,2023-02-17,17,13:54:29,13,Sitting,Slouched
2023-02-17 13:21:18+00:00,0,-1,as,2023-02-17,17,13:21:18,13,Lying,Unavailable
2023-02-17 12:38:12+00:00,1,1,as,2023-02-17,17,12:38:12,12,Sitting,Slouched
2023-02-17 12:03:53+00:00,1,1,as,2023-02-17,17,12:03:53,12,Sitting,Slouched
2023-02-17 11:40:27+00:00,1,1,as,2023-02-17,17,11:40:27,11,Sitting,Slouched
2023-02-17 11:09:40+00:00,1,1,as,2023-02-17,17,11:09:40,11,Sitting,Slouched
2023-02-17 09:06:13+00:00,1,1,as,2023-02-17,17,09:06:13,9,Sitting,Slouched
2023-02-17 08:55:12+00:00,1,1,as,2023-02-17,17,08:55:12,8,Sitting,Slouched
2023-02-15 23:32:07+00:00,2,-1,as,2023-02-15,15,23:32:07,23,Standing,Unavailable
2023-02-15 22:43:24+00:00,1,1,as,2023-02-15,15,22:43:24,22,Sitting,Slouched
2023-02-15 22:30:11+00:00,1,1,as,2023-02-15,15,22:30:11,22,Sitting,Slouched
2023-02-15 21:33:04+00:00,3,-1,as,2023-02-15,15,21:33:04,21,Active,Unavailable
2023-02-15 20:46:41+00:00,3,-1,as,2023-02-15,15,20:46:41,20,Active,Unavailable
2023-02-15 20:13:52+00:00,2,-1,as,2023-02-15,15,20:13:52,20,Standing,Unavailable
2023-02-15 19:27:47+00:00,1,1,as,2023-02-15,15,19:27:47,19,Sitting,Slouched
2023-02-15 19:21:51+00:00,1,1,as,2023-02-15,15,19:21:51,19,Sitting,Slouched
2023-02-15 19:01:33+00:00,1,1,as,2023-02-15,15,19:01:33,19,Sitting,Slouched
2023-02-15 18:16:03+00:00,1,1,as,2023-02-15,15,18:16:03,18,Sitting,Slouched
2023-02-15 17:26:20+00:00,1,1,as,2023-02-15,15,17:26:20,17,Sitting,Slouched
2023-02-15 16:26:51+00:00,1,1,as,2023-02-15,15,16:26:51,16,Sitting,Slouched
2023-02-15 15:48:34+00:00,1,1,as,2023-02-15,15,15:48:34,15,Sitting,Slouched
2023-02-15 15:02:29+00:00,2,-1,as,2023-02-15,15,15:02:29,15,Standing,Unavailable
2023-02-15 14:01:20+00:00,1,1,as,2023-02-15,15,14:01:20,14,Sitting,Slouched
2023-02-14 11:04:37+00:00,2,-1,as,2023-02-14,14,11:04:37,11,Standing,Unavailable
2023-02-13 23:27:09+00:00,2,-1,as,2023-02-13,13,23:27:09,23,Standing,Unavailable
2023-02-13 22:46:09+00:00,1,1,as,2023-02-13,13,22:46:09,22,Sitting,Slouched
2023-02-13 22:13:50+00:00,1,1,as,2023-02-13,13,22:13:50,22,Sitting,Slouched
2023-02-13 21:26:18+00:00,1,1,as,2023-02-13,13,21:26:18,21,Sitting,Slouched
2023-02-13 20:21:02+00:00,1,1,as,2023-02-13,13,20:21:02,20,Sitting,Slouched
2023-02-13 19:50:08+00:00,1,1,as,2023-02-13,13,19:50:08,19,Sitting,Slouched
2023-02-13 18:35:17+00:00,1,1,as,2023-02-13,13,18:35:17,18,Sitting,Slouched
2023-02-13 18:04:04+00:00,1,1,as,2023-02-13,13,18:04:04,18,Sitting,Slouched
2023-02-13 17:52:26+00:00,1,1,as,2023-02-13,13,17:52:26,17,Sitting,Slouched
2023-02-13 17:17:52+00:00,1,1,as,2023-02-13,13,17:17:52,17,Sitting,Slouched
2023-02-13 15:08:35+00:00,1,1,as,2023-02-13,13,15:08:35,15,Sitting,Slouched
2023-02-13 14:34:57+00:00,1,1,as,2023-02-13,13,14:34:57,14,Sitting,Slouched
2023-02-13 13:52:26+00:00,1,1,as,2023-02-13,13,13:52:26,13,Sitting,Slouched
2023-02-13 13:48:30+00:00,1,1,as,2023-02-13,13,13:48:30,13,Sitting,Slouched
2023-02-12 22:39:19+00:00,1,1,as,2023-02-12,12,22:39:19,22,Sitting,Slouched
2023-02-12 21:57:30+00:00,1,1,as,2023-02-12,12,21:57:30,21,Sitting,Slouched
2023-02-25 12:06:17+00:00,1,1,dotz,2023-02-25,25,12:06:17,12,Sitting,Slouched
2023-02-25 09:28:26+00:00,1,1,dotz,2023-02-25,25,09:28:26,9,Sitting,Slouched
2023-02-25 09:04:03+00:00,1,1,dotz,2023-02-25,25,09:04:03,9,Sitting,Slouched
2023-02-25 07:27:28+00:00,1,1,dotz,2023-02-25,25,07:27:28,7,Sitting,Slouched
2023-02-25 06:36:53+00:00,1,1,dotz,2023-02-25,25,06:36:53,6,Sitting,Slouched
2023-02-24 22:11:26+00:00,1,1,dotz,2023-02-24,24,22:11:26,22,Sitting,Slouched
2023-02-24 21:51:03+00:00,1,1,dotz,2023-02-24,24,21:51:03,21,Sitting,Slouched
2023-02-24 19:32:47+00:00,1,1,dotz,2023-02-24,24,19:32:47,19,Sitting,Slouched
2023-02-24 19:19:15+00:00,1,1,dotz,2023-02-24,24,19:19:15,19,Sitting,Slouched
2023-02-24 15:46:18+00:00,3,-1,dotz,2023-02-24,24,15:46:18,15,Active,Unavailable
2023-02-24 14:11:31+00:00,1,1,dotz,2023-02-24,24,14:11:31,14,Sitting,Slouched
2023-02-24 13:25:00+00:00,1,1,dotz,2023-02-24,24,13:25:00,13,Sitting,Slouched
2023-02-24 12:34:43+00:00,1,1,dotz,2023-02-24,24,12:34:43,12,Sitting,Slouched
2023-02-24 10:27:57+00:00,1,1,dotz,2023-02-24,24,10:27:57,10,Sitting,Slouched
2023-02-24 09:35:49+00:00,1,1,dotz,2023-02-24,24,09:35:49,9,Sitting,Slouched
2023-02-24 09:05:10+00:00,1,1,dotz,2023-02-24,24,09:05:10,9,Sitting,Slouched
2023-02-24 07:21:47+00:00,1,1,dotz,2023-02-24,24,07:21:47,7,Sitting,Slouched
2023-02-24 06:28:12+00:00,2,-1,dotz,2023-02-24,24,06:28:12,6,Standing,Unavailable
2023-02-23 18:49:28+00:00,2,-1,dotz,2023-02-23,23,18:49:28,18,Standing,Unavailable
2023-02-23 16:07:31+00:00,1,1,dotz,2023-02-23,23,16:07:31,16,Sitting,Slouched
2023-02-23 15:46:15+00:00,1,1,dotz,2023-02-23,23,15:46:15,15,Sitting,Slouched
2023-02-23 13:24:47+00:00,1,1,dotz,2023-02-23,23,13:24:47,13,Sitting,Slouched
2023-02-23 12:50:16+00:00,2,-1,dotz,2023-02-23,23,12:50:16,12,Standing,Unavailable
2023-02-23 12:12:04+00:00,2,-1,dotz,2023-02-23,23,12:12:04,12,Standing,Unavailable
2023-02-23 11:34:31+00:00,2,-1,dotz,2023-02-23,23,11:34:31,11,Standing,Unavailable
2023-02-23 09:19:01+00:00,1,1,dotz,2023-02-23,23,09:19:01,9,Sitting,Slouched
2023-02-23 09:13:43+00:00,1,1,dotz,2023-02-23,23,09:13:43,9,Sitting,Slouched
2023-02-23 08:30:11+00:00,0,-1,dotz,2023-02-23,23,08:30:11,8,Lying,Unavailable
2023-02-23 08:19:50+00:00,2,-1,dotz,2023-02-23,23,08:19:50,8,Standing,Unavailable
2023-02-23 06:58:28+00:00,0,-1,dotz,2023-02-23,23,06:58:28,6,Lying,Unavailable
2023-02-20 07:49:24+00:00,2,-1,dotz,2023-02-20,20,07:49:24,7,Standing,Unavailable
2023-02-19 20:53:37+00:00,2,-1,dotz,2023-02-19,19,20:53:37,20,Standing,Unavailable
2023-02-19 13:34:52+00:00,2,-1,dotz,2023-02-19,19,13:34:52,13,Standing,Unavailable
2023-02-19 13:26:46+00:00,2,-1,dotz,2023-02-19,19,13:26:46,13,Standing,Unavailable
2023-02-19 12:46:32+00:00,1,1,dotz,2023-02-19,19,12:46:32,12,Sitting,Slouched
2023-02-19 11:09:52+00:00,3,-1,dotz,2023-02-19,19,11:09:52,11,Active,Unavailable
2023-02-17 17:23:33+00:00,2,-1,dotz,2023-02-17,17,17:23:33,17,Standing,Unavailable
2023-02-17 15:39:43+00:00,1,1,dotz,2023-02-17,17,15:39:43,15,Sitting,Slouched
2023-02-17 15:28:53+00:00,1,1,dotz,2023-02-17,17,15:28:53,15,Sitting,Slouched
2023-02-17 12:57:34+00:00,2,-1,dotz,2023-02-17,17,12:57:34,12,Standing,Unavailable
2023-02-17 11:16:03+00:00,1,1,dotz,2023-02-17,17,11:16:03,11,Sitting,Slouched
2023-02-17 10:29:10+00:00,1,1,dotz,2023-02-17,17,10:29:10,10,Sitting,Slouched
2023-02-17 09:07:16+00:00,3,-1,dotz,2023-02-17,17,09:07:16,9,Active,Unavailable
2023-02-17 08:50:18+00:00,3,-1,dotz,2023-02-17,17,08:50:18,8,Active,Unavailable
2023-02-17 07:24:46+00:00,1,1,dotz,2023-02-17,17,07:24:46,7,Sitting,Slouched
2023-02-17 06:57:07+00:00,3,-1,dotz,2023-02-17,17,06:57:07,6,Active,Unavailable
2023-02-17 06:34:55+00:00,2,-1,dotz,2023-02-17,17,06:34:55,6,Standing,Unavailable
2023-02-16 20:27:36+00:00,2,-1,dotz,2023-02-16,16,20:27:36,20,Standing,Unavailable
2023-02-16 20:06:02+00:00,2,-1,dotz,2023-02-16,16,20:06:02,20,Standing,Unavailable
2023-02-16 18:17:04+00:00,0,-1,dotz,2023-02-16,16,18:17:04,18,Lying,Unavailable
2023-02-16 18:00:55+00:00,0,-1,dotz,2023-02-16,16,18:00:55,18,Lying,Unavailable
2023-02-16 17:38:13+00:00,0,-1,dotz,2023-02-16,16,17:38:13,17,Lying,Unavailable
2023-02-16 17:20:59+00:00,0,-1,dotz,2023-02-16,16,17:20:59,17,Lying,Unavailable
2023-02-16 17:00:46+00:00,1,1,dotz,2023-02-16,16,17:00:46,17,Sitting,Slouched
2023-02-16 16:44:02+00:00,1,1,dotz,2023-02-16,16,16:44:02,16,Sitting,Slouched
2023-02-16 15:23:12+00:00,0,-1,dotz,2023-02-16,16,15:23:12,15,Lying,Unavailable
2023-02-16 13:43:33+00:00,3,-1,dotz,2023-02-16,16,13:43:33,13,Active,Unavailable
2023-02-16 12:58:01+00:00,3,-1,dotz,2023-02-16,16,12:58:01,12,Active,Unavailable
2023-02-16 10:00:37+00:00,3,-1,dotz,2023-02-16,16,10:00:37,10,Active,Unavailable
2023-02-16 07:49:48+00:00,2,-1,dotz,2023-02-16,16,07:49:48,7,Standing,Unavailable
2023-02-15 20:26:26+00:00,2,-1,dotz,2023-02-15,15,20:26:26,20,Standing,Unavailable
2023-02-15 16:41:36+00:00,3,-1,dotz,2023-02-15,15,16:41:36,16,Active,Unavailable
2023-02-15 14:56:07+00:00,2,-1,dotz,2023-02-15,15,14:56:07,14,Standing,Unavailable
2023-02-15 14:29:07+00:00,1,1,dotz,2023-02-15,15,14:29:07,14,Sitting,Slouched
2023-02-15 13:45:17+00:00,1,1,dotz,2023-02-15,15,13:45:17,13,Sitting,Slouched
2023-02-15 08:25:46+00:00,1,1,dotz,2023-02-15,15,08:25:46,8,Sitting,Slouched
2023-02-15 08:12:46+00:00,1,1,dotz,2023-02-15,15,08:12:46,8,Sitting,Slouched
2023-02-15 07:25:00+00:00,2,-1,dotz,2023-02-15,15,07:25:00,7,Standing,Unavailable
2023-02-15 07:08:37+00:00,2,-1,dotz,2023-02-15,15,07:08:37,7,Standing,Unavailable
2023-02-14 19:58:03+00:00,2,-1,dotz,2023-02-14,14,19:58:03,19,Standing,Unavailable
2023-02-14 18:06:47+00:00,3,-1,dotz,2023-02-14,14,18:06:47,18,Active,Unavailable
2023-02-14 17:50:40+00:00,3,-1,dotz,2023-02-14,14,17:50:40,17,Active,Unavailable
2023-02-14 16:24:33+00:00,2,-1,dotz,2023-02-14,14,16:24:33,16,Standing,Unavailable
2023-02-14 16:05:25+00:00,1,1,dotz,2023-02-14,14,16:05:25,16,Sitting,Slouched
2023-02-14 06:39:42+00:00,0,-1,dotz,2023-02-14,14,06:39:42,6,Lying,Unavailable
2023-02-14 06:39:32+00:00,0,-1,dotz,2023-02-14,14,06:39:32,6,Lying,Unavailable
2023-02-13 19:07:09+00:00,1,1,dotz,2023-02-13,13,19:07:09,19,Sitting,Slouched
2023-02-13 18:04:14+00:00,1,1,dotz,2023-02-13,13,18:04:14,18,Sitting,Slouched
2023-02-13 16:10:29+00:00,1,1,dotz,2023-02-13,13,16:10:29,16,Sitting,Slouched
2023-02-13 14:39:45+00:00,1,1,dotz,2023-02-13,13,14:39:45,14,Sitting,Slouched
2023-02-13 14:14:15+00:00,1,1,dotz,2023-02-13,13,14:14:15,14,Sitting,Slouched
2023-02-13 11:49:47+00:00,3,-1,dotz,2023-02-13,13,11:49:47,11,Active,Unavailable
2023-02-13 11:33:14+00:00,1,1,dotz,2023-02-13,13,11:33:14,11,Sitting,Slouched
2023-02-13 11:22:08+00:00,1,1,dotz,2023-02-13,13,11:22:08,11,Sitting,Slouched
2023-02-13 09:44:27+00:00,3,-1,dotz,2023-02-13,13,09:44:27,9,Active,Unavailable
2023-02-13 09:16:01+00:00,3,-1,dotz,2023-02-13,13,09:16:01,9,Active,Unavailable
2023-02-13 07:49:46+00:00,2,-1,dotz,2023-02-13,13,07:49:46,7,Standing,Unavailable
2023-02-13 06:43:19+00:00,2,-1,dotz,2023-02-13,13,06:43:19,6,Standing,Unavailable
2023-02-12 21:13:24+00:00,2,-1,dotz,2023-02-12,12,21:13:24,21,Standing,Unavailable
2023-02-12 20:45:48+00:00,1,1,dotz,2023-02-12,12,20:45:48,20,Sitting,Slouched
2023-02-22 15:25:59+00:00,1,1,far,2023-02-22,22,15:25:59,15,Sitting,Slouched
2023-02-20 06:15:36+00:00,3,-1,far,2023-02-20,20,06:15:36,6,Active,Unavailable
2023-02-19 20:13:59+00:00,1,0,far,2023-02-19,19,20:13:59,20,Sitting,Straight
2023-02-19 17:33:44+00:00,1,1,far,2023-02-19,19,17:33:44,17,Sitting,Slouched
2023-02-19 15:33:47+00:00,1,1,far,2023-02-19,19,15:33:47,15,Sitting,Slouched
2023-02-19 12:57:42+00:00,1,0,far,2023-02-19,19,12:57:42,12,Sitting,Straight
2023-02-15 12:49:19+00:00,1,1,far,2023-02-15,15,12:49:19,12,Sitting,Slouched
2023-02-15 12:24:37+00:00,3,-1,far,2023-02-15,15,12:24:37,12,Active,Unavailable
2023-02-15 11:26:27+00:00,1,1,far,2023-02-15,15,11:26:27,11,Sitting,Slouched
2023-02-14 20:06:55+00:00,1,1,far,2023-02-14,14,20:06:55,20,Sitting,Slouched
2023-02-14 18:25:04+00:00,1,1,far,2023-02-14,14,18:25:04,18,Sitting,Slouched
2023-02-14 17:43:12+00:00,3,-1,far,2023-02-14,14,17:43:12,17,Active,Unavailable
2023-02-14 16:42:53+00:00,1,1,far,2023-02-14,14,16:42:53,16,Sitting,Slouched
2023-02-14 16:00:10+00:00,1,1,far,2023-02-14,14,16:00:10,16,Sitting,Slouched
2023-02-14 14:50:11+00:00,1,1,far,2023-02-14,14,14:50:11,14,Sitting,Slouched
2023-02-14 14:21:15+00:00,1,1,far,2023-02-14,14,14:21:15,14,Sitting,Slouched
2023-02-14 13:29:34+00:00,1,1,far,2023-02-14,14,13:29:34,13,Sitting,Slouched
2023-02-14 13:14:57+00:00,1,1,far,2023-02-14,14,13:14:57,13,Sitting,Slouched
2023-02-14 12:46:37+00:00,1,0,far,2023-02-14,14,12:46:37,12,Sitting,Straight
2023-02-14 11:49:48+00:00,3,-1,far,2023-02-14,14,11:49:48,11,Active,Unavailable
2023-02-14 09:09:25+00:00,1,0,far,2023-02-14,14,09:09:25,9,Sitting,Straight
2023-02-14 07:16:39+00:00,3,-1,far,2023-02-14,14,07:16:39,7,Active,Unavailable
2023-02-13 17:05:40+00:00,3,-1,far,2023-02-13,13,17:05:40,17,Active,Unavailable
2023-02-13 16:18:09+00:00,1,1,far,2023-02-13,13,16:18:09,16,Sitting,Slouched
2023-02-13 15:24:09+00:00,3,-1,far,2023-02-13,13,15:24:09,15,Active,Unavailable
2023-02-13 14:44:15+00:00,1,0,far,2023-02-13,13,14:44:15,14,Sitting,Straight
2023-02-13 12:02:12+00:00,3,-1,far,2023-02-13,13,12:02:12,12,Active,Unavailable
2023-02-13 11:48:21+00:00,1,0,far,2023-02-13,13,11:48:21,11,Sitting,Straight
2023-02-13 11:23:44+00:00,1,1,far,2023-02-13,13,11:23:44,11,Sitting,Slouched
2023-02-13 09:13:31+00:00,1,0,far,2023-02-13,13,09:13:31,9,Sitting,Straight
2023-02-13 09:01:16+00:00,1,1,far,2023-02-13,13,09:01:16,9,Sitting,Slouched
2023-02-13 07:41:04+00:00,3,-1,far,2023-02-13,13,07:41:04,7,Active,Unavailable
2023-02-13 07:24:06+00:00,3,-1,far,2023-02-13,13,07:24:06,7,Active,Unavailable
2023-02-13 07:01:59+00:00,2,-1,far,2023-02-13,13,07:01:59,7,Standing,Unavailable
2023-02-13 06:53:01+00:00,1,1,far,2023-02-13,13,06:53:01,6,Sitting,Slouched
2023-02-12 21:46:26+00:00,0,-1,far,2023-02-12,12,21:46:26,21,Lying,Unavailable
2023-02-12 21:41:58+00:00,1,0,far,2023-02-12,12,21:41:58,21,Sitting,Straight
2023-02-12 21:36:51+00:00,1,0,far,2023-02-12,12,21:36:51,21,Sitting,Straight
2023-02-12 21:31:06+00:00,1,0,far,2023-02-12,12,21:31:06,21,Sitting,Straight
2023-02-12 19:55:47+00:00,1,1,far,2023-02-12,12,19:55:47,19,Sitting,Slouched
2023-02-12 19:42:34+00:00,1,1,far,2023-02-12,12,19:42:34,19,Sitting,Slouched
